peak	gene	Score
chr1-100006428-100006627	AGL	0.010417759250063
chr1-100006428-100006627	CDC14A	0.0110811232044691
chr1-100006428-100006627	DBT	0.00847588906390401
chr1-100006428-100006627	FRRS1	0.00638892117800831
chr1-100006428-100006627	LRRC39	0
chr1-100006428-100006627	MFSD14A	0.034540304523836
chr1-100006428-100006627	RTCA	0.00516299610366449
chr1-100006428-100006627	RTCA-AS1	0.00516299610366449
chr1-100006428-100006627	SASS6	0.0140188040965433
