snp	peak_Chen_GM12878	gene	signac_Chen_GM12878	scent_Chen_GM12878	cicero_Chen_GM12878	peak_Xu_K562	signac_Xu_K562	scent_Xu_K562	cicero_Xu_K562	snp_gene_distance	closest_tss	chr
chr1-10173-10174	chr1-9991-11526	FAM138A				chr1-9977-10531			0.007928177984876	25907	1	chr1
chr1-10202-10203	chr1-9991-11526	FAM138A				chr1-9977-10531			0.007928177984876	25878	1	chr1
chr1-10351-10352	chr1-9991-11526	FAM138A				chr1-9977-10531			0.007928177984876	25729	1	chr1
chr1-10516-10517	chr1-9991-11526	FAM138A				chr1-9977-10531			0.007928177984876	25564	1	chr1
chr1-10704-10705	chr1-9991-11526	FAM138A								25376	1	chr1
chr1-10710-10711	chr1-9991-11526	FAM138A								25370	1	chr1
chr1-10850-10851	chr1-9991-11526	FAM138A								25230	1	chr1
chr1-10855-10856	chr1-9991-11526	FAM138A								25225	1	chr1
chr1-11007-11008	chr1-9991-11526	FAM138A				chr1-10878-11496			0.0068705817670023	25073	1	chr1
